ASV_ID	F-2014-GULD04-1m-L	F-2014-GULD04-1m-S	F-2014-GULD04-20m-S	F-2016-GULD04-1m-L	F-2016-GULD04-1m-S	F-2016-LL07-1m-L	F-2016-LL07-20m-L	F-2016-LL07-20m-S	F-2016-LL07-250m-L	F-2016-LL07-250m-S	F-2017-GULD04-1m-L	F-2017-LL07-1m-L	F-2017-LL07-1m-S	F-2017-LL07-20m-L	F-2017-LL07-20m-S	F-2017-LL07-250m-L	F-2017-LL07-250m-S	S-2014-GULD04-1m-S	S-2014-GULD04-20m-S	S-2014-GULD04-250m-L	S-2014-LL07-1m-L	S-2014-LL07-20m-L	S-2014-LL07-20m-S	S-2017-GULD04-250m-L	S-2017-GULD04-250m-S	S-2017-LL07-1m-S	S-2017-LL07-20m-L	S-2017-LL07-20m-S	S-2017-LL07-250m-L	S-2017-LL07-250m-S	S-2018-GULD04-20m-L	S-2018-GULD04-20m-S	S-2018-GULD04-250m-L	S-2018-LL07-1m-L	S-2018-LL07-1m-S	S-2018-LL07-20m-S	S-2018-LL07-250m-L	S-2018-LL07-250m-S
b1a2b591299a088ebeae35494b1bf713	33	134	28498	26610	114	155	110235	55562	51	97	58	35	14	21	75	341	26	73563	772	38	130	1766	64	107	711	6484	0	12	8	102	106	115874	108	0	119	1114	19	11
e06579de407e6fd6fad7e02d0057903c	21208	46097	42451	62535	107	62	94	172	73	54	35	96	8008	35	59	183	77	115	308	127	51	33	72989	0	59	47	26	35647	41	28473	0	60	37	26	17901	15166	68	43
79c5bf8e719046b98ea4b9639d500374	74	99	24	0	38	63454	1566	95	8523	84	15	5716	275	26969	241	14131	92	72	32	0	145	148	105	55532	58	132	92	35	233	56376	199	135	54	31831	35159	10501	0	150
5a7783c847304564e78f42bc0b5eef42	44	0	36	0	0	46	2	21	0	0	64807	46	12	25	0	5331	73	0	5	44	0	0	28	47	32	25	20	42	84480	43	101	29	160	48	16	28157	4	55
abcf5ede977bcff7850e6718a18b1c32	18	13	80	11	67925	25	39	160	18	83955	0	0	0	106	6	3519	10	26	88	16	17	179	26	0	6442	64	0	17	0	0	0	346	0	0	3	0	0	92
545fbdada0ac175a1ead9d95237e716a	0	0	0	0	0	0	0	0	0	0	26921	0	0	0	186	55	109881	0	0	169	0	0	93	73	11	0	0	96	0	0	46	20	134	35	43	278	34	88
e75110e493a85f1f5bc70a4f083f7cf3	0	0	0	33	0	0	0	0	36	7	0	31	57904	44	39	0	0	34	0	0	32	0	0	28	0	47532	44	51	15	52	0	0	0	0	0	0	23	0
9bc3a36c911e4793d29a8309594662a2	18	0	0	0	0	0	0	0	0	0	0	1055	0	0	0	308	0	44	0	0	0	0	0	56	0	22348	10814	0	54	0	61946	0	0	54	0	0	0	0
3bb84d54c6f56a4a37e0a68c1f384e50	20	29	85	16	60	0	0	0	0	0	0	0	0	0	0	65	4	1887	93396	22	0	48	0	0	48	0	45	0	0	0	0	4	0	0	0	0	0	0
02afebb71268594917fa69fbc6637889	7	82	40364	342	186	884	2242	108	1353	0	0	65	18	68	0	7	20	8465	292	1512	42	3094	2027	109	3101	27	297	50	1809	189	766	0	6227	43	3	80	8	7
15ecd24a90245d8e3be7533e8430ae1a	0	0	49	0	0	0	0	52	0	0	18	43	0	0	0	0	0	0	0	0	0	0	0	50	35	0	0	0	0	0	22	16	68742	0	0	68	0	0
3829f491e75fa7c6b2799c9c3d5e104d	0	0	0	0	0	30	14	33	9	43	0	0	0	0	0	0	0	0	31	0	40	66228	20	0	0	0	0	0	0	0	0	38	0	0	0	0	0	0
763bbf07e6665496a6f5f6995b4ac03f	0	0	0	0	0	0	0	0	0	0	0	0	6	25	64385	0	88	0	0	0	31	0	0	38	0	35	0	0	0	0	0	0	0	27	18	0	0	0
4d0f691360aab6ed4cc5b30317b2c68c	0	0	0	0	0	30	10	32	8	12	0	0	0	0	42	0	0	21	0	0	62676	45	13	32	0	30	0	0	0	0	0	0	0	0	0	0	0	0
bfe386adc40a48e2a1e996940b0de178	0	0	0	0	0	0	0	0	0	0	0	15	23	0	0	0	0	0	0	0	0	0	0	0	0	0	58675	0	16	8	0	0	0	0	0	0	0	0
d363797257fc5f49c8ec0c9e6cbf7392	0	0	139	0	0	0	0	0	0	0	0	0	4	0	0	0	0	0	0	50132	0	0	0	0	0	0	0	0	0	0	0	0	0	0	0	0	0	0
a1288d71cd258a7d5055a7d153385471	0	0	22	0	0	13	48	43766	8	33	0	22	0	0	0	0	0	0	0	0	36	13	0	0	0	0	0	0	0	0	0	0	16	0	0	37	0	0
f7578ceab620c2908c36bea7c20d6d0c	0	0	0	0	0	0	0	0	0	0	0	0	0	0	0	36508	0	0	0	0	0	0	0	0	0	0	0	0	0	0	0	0	0	0	0	0	0	0
aa4895a449d7eeb639b0e36b31319c0d	0	0	0	0	0	0	0	0	0	0	0	0	0	0	0	0	49	0	0	0	0	0	0	0	0	0	0	8763	0	0	0	0	0	0	32	26448	0	132
02d9851b0b5377a0ccf0c1aa2bfc23d9	0	0	0	0	0	0	0	0	0	0	0	0	0	0	0	0	0	0	0	0	0	0	0	0	0	0	0	0	0	0	0	0	0	35166	0	0	0	0
b72c5ae229de27f0171ab37fbe7023c6	0	0	0	25	0	0	0	0	34605	0	0	0	0	0	0	0	0	0	0	0	0	0	0	0	0	0	0	0	0	0	0	0	0	0	0	0	89	0
a46abf08c8e259f0026caab72161f25d	43	33401	14	9	13	0	14	0	0	0	0	0	0	0	0	0	0	22	15	10	0	0	0	0	0	0	0	0	0	20	0	14	0	0	19	0	0	0
d3f734c44e8dc60c37fd1d9d9365ebce	25157	13	8	0	12	11	0	0	0	0	0	0	0	0	0	0	0	9	16	13	0	0	0	0	0	0	0	0	17	0	11	0	0	9	0	0	0	0
918d944f3f965edd585a8512563eb338	0	0	0	0	0	4857	0	0	742	0	0	708	0	2310	0	1424	0	0	0	0	0	0	0	4117	0	0	0	0	0	4363	0	0	0	2439	2723	1135	0	0
b9b96f46902ec55b7356c410e2c04119	0	0	0	0	0	0	0	0	0	0	0	8	0	10	0	15	0	0	12	0	0	17	0	0	8	0	24272	7	3	5	0	0	0	0	0	0	0	0
b7f61135eb2f9a863292c706ddb7e245	0	0	0	0	0	0	0	0	0	0	0	7	0	0	27	0	0	18	0	0	13	0	0	27	0	21458	11	21	11	3	0	0	0	0	0	0	0	0
8bf2ea999bd6019950cdf10a33977b61	31	19297	14	0	0	0	12	0	0	0	0	0	0	0	0	0	0	12	0	8	0	0	0	0	0	0	0	0	0	9	0	11	0	0	12	0	0	0
cd99a356681a2ed911f3f6db0b656a02	0	0	0	0	0	0	0	0	8	0	0	0	18658	0	0	0	0	0	0	0	0	0	0	0	0	10	7	8	0	0	0	0	0	0	0	0	13	0
19c693f42cb365035c714e619ba37005	0	0	0	0	0	0	0	0	0	0	0	0	0	0	0	10	0	0	0	0	0	0	0	0	0	0	0	0	0	9	0	9	0	0	16060	0	3	0
cecea4d77207a6fc38aa47dbb1856578	0	0	0	0	0	0	0	0	0	0	0	0	0	0	0	0	0	0	0	0	0	0	0	0	0	0	0	0	0	0	0	0	0	0	0	0	13092	0
881aff54be264fdb56bf223b3c99d5bc	0	0	0	9672	0	0	0	0	0	0	0	0	0	0	0	0	0	0	0	0	0	0	0	0	0	0	0	0	0	0	0	0	0	0	0	0	0	0
6df167c53b91051a5dabd4b1bfe1148c	0	0	0	0	0	0	0	0	0	0	0	8572	0	0	0	0	0	0	0	0	0	0	0	0	0	8	0	6	0	0	0	0	0	0	0	0	0	0
cc918e28c0e5a84b7b75501da303f36b	0	0	0	0	0	0	0	0	0	0	0	0	0	7679	0	0	0	0	0	0	0	0	0	0	0	0	0	0	0	0	0	0	0	0	0	0	0	0
c95539af742c9688414d9d874ad466ef	0	0	0	0	0	0	6845	0	0	0	0	0	0	0	0	0	0	0	0	0	0	0	0	0	0	0	0	0	0	0	0	0	0	0	0	0	0	0
109402140920e8296748e5521589053a	0	0	3521	0	0	0	182	0	0	0	0	0	0	0	0	0	0	677	0	0	0	279	163	0	225	0	0	0	0	0	0	0	549	0	0	0	0	0
45a9f0a75dcb834c2aa075cab15e5cc8	0	0	0	0	0	1179	0	0	0	0	0	437	0	502	0	0	0	0	0	0	0	0	0	952	0	0	0	0	0	896	0	0	0	587	647	215	0	0
b64735da8f3632f44759b15e5faddcee	0	0	0	0	0	0	0	0	0	0	0	30	0	0	0	0	0	0	0	5355	0	0	0	0	0	0	0	0	0	0	0	0	0	0	0	0	0	0
c21f0aa0a81deefb7c10a9a4f671c921	0	0	0	6	0	0	0	0	0	0	0	1523	3481	0	0	0	0	0	0	0	0	0	0	0	0	0	0	0	0	7	0	0	0	0	0	0	5	0
17ab0042ac38d80dcecb47cb27ccb679	84	0	0	0	0	0	0	0	22	0	0	0	0	0	0	0	0	0	0	0	0	0	0	0	0	0	6	4827	0	0	0	0	0	0	0	0	0	51
2ea7910af285c99c0dbf4cfa1e3c19b8	0	0	0	0	0	0	0	0	4753	0	0	0	0	0	0	0	0	0	0	0	0	0	0	0	0	0	0	0	0	0	0	0	0	0	0	0	0	0
2d972ca28f283e5ffa9a6c729895d42e	1823	3	1108	0	4	3	764	0	0	0	0	0	811	0	0	0	2	0	17	0	0	0	0	0	8	0	0	0	0	0	0	0	0	0	0	0	0	0
8f966d769b2567e9eea76427ddfec78d	0	0	0	0	0	0	0	0	0	0	1706	0	0	0	0	0	0	0	0	0	0	0	0	0	0	0	0	0	2138	0	0	0	0	0	0	680	0	0
7d285cdac96b1810e00291becfce1033	0	375	99	0	63	0	341	1977	0	10	0	0	434	0	255	0	0	0	0	0	0	0	77	0	0	362	0	339	0	7	0	30	0	0	0	78	0	0
559a1a56bdb1622bc77d1bd0a4d99868	0	0	0	0	0	0	0	0	7	0	0	0	2	0	0	0	0	0	0	0	0	0	0	0	0	0	0	0	0	0	0	0	0	0	0	0	4429	0
e5197be03a63a450f2fc5362e39bbde8	0	0	0	0	0	0	0	0	0	0	0	0	0	0	0	0	0	0	0	0	0	0	0	0	0	0	3890	0	0	0	0	0	0	0	0	0	0	0
a2e038c1eb370bfcda15d7f8b3ca9e45	0	0	0	0	0	0	3725	0	0	0	0	0	0	0	0	0	0	0	0	0	0	0	0	0	0	0	0	0	0	0	0	0	0	0	0	0	0	0
4f49e806ec7a759131396d7c7e11436d	0	0	0	0	0	0	0	0	0	0	0	0	0	0	0	0	0	0	0	3582	0	0	0	0	0	0	0	0	0	0	0	0	0	0	0	0	0	0
01881f80e825b246ad8976e9d2868fef	0	0	0	0	0	0	0	0	0	0	0	0	0	0	0	3474	0	0	0	0	0	0	0	0	0	0	0	0	0	0	0	0	0	0	0	0	0	0
609f7a3864aa8d2f486669f6c7c1d140	0	0	0	0	0	0	0	0	0	0	0	0	0	0	0	3263	0	0	0	0	0	0	0	0	0	0	0	0	0	0	0	0	0	0	0	0	0	0
56f2890a62178fec4f57e9f56ffe0282	0	0	0	0	0	0	0	0	0	0	0	0	0	0	0	0	0	0	3040	0	0	0	0	0	0	0	0	0	0	0	0	0	0	0	0	0	0	0
fe3d089d4903e1f6832486dfd6d5bb66	0	0	0	0	0	0	0	0	0	0	0	0	0	0	0	0	0	2672	0	0	0	0	0	0	0	0	0	0	0	0	0	0	0	0	0	0	0	0
70ab16bad2d8bc0fe9fa1ef9adc9be69	0	0	0	0	0	0	0	0	0	0	0	85	0	1623	0	0	0	0	0	0	0	0	0	0	0	0	0	0	0	260	0	0	0	0	0	673	0	0
c90cdd7a8489e3cdbabe1fa2fd036340	0	0	0	0	0	0	0	0	0	0	0	0	0	0	0	0	0	0	0	0	0	0	0	0	0	0	0	0	0	0	0	0	0	2618	0	0	0	0
87ceada180f82e800f2a001f3fc969ff	0	0	0	0	0	0	0	0	2595	0	0	0	0	0	0	0	0	0	0	0	0	0	0	0	0	0	0	0	0	0	0	0	0	0	0	0	0	0
1f4c8be7c0efa18b81d82e2584219a54	0	0	0	0	0	0	0	0	2522	0	0	0	0	0	0	0	0	0	0	0	0	0	0	0	0	0	0	0	0	0	0	0	0	0	0	0	0	0
27c95221a1ee760811f376a7b453c53e	0	0	0	0	0	484	0	0	0	0	0	0	0	0	0	1982	0	0	0	0	0	0	0	0	0	0	0	0	0	0	0	0	0	0	0	0	0	0
319e8c1badf384adbef23e5fc64acecb	0	0	0	0	0	0	0	0	0	0	0	0	0	0	0	3	0	0	0	0	0	2447	0	0	0	0	0	0	0	0	0	0	0	0	0	0	0	0
dc90fb967e16a7c7d611ba262980944e	0	0	0	0	0	0	0	0	2412	0	0	0	0	0	0	0	0	0	0	0	0	0	0	0	0	0	0	0	0	0	0	0	0	0	0	0	0	0
d7aa116cb486c404028dee0e8408979e	0	0	0	0	0	0	0	0	0	0	0	0	0	0	0	0	0	0	0	0	0	0	0	0	0	0	0	0	0	0	0	0	2279	0	0	0	0	0
56746295e600d52d1ca6832099704ccf	0	0	0	117	0	0	0	0	0	0	0	0	0	0	0	0	0	0	0	0	0	0	0	0	0	0	0	0	0	0	0	0	0	0	1928	0	0	0
0b3f98b6c0b947a520eea5c5a16e950a	0	0	0	0	0	0	0	0	0	0	0	0	0	0	0	0	0	0	0	0	0	0	0	0	0	0	0	0	0	2026	0	0	0	0	0	0	0	0
9006e8898f17077a9bba7f000bbd63b2	0	0	0	0	0	0	0	0	0	0	0	0	0	0	0	2021	0	0	0	0	0	0	0	0	0	0	0	0	0	0	0	0	0	0	0	0	0	0
b6bfcba3b24535d90bce9e517b4f6e36	0	0	0	0	0	0	0	0	0	0	0	0	0	0	0	0	0	0	0	0	0	0	0	0	0	0	0	0	0	0	0	1993	0	0	0	0	0	0
0da11a5ff7bdc1761376de0569758dd8	0	0	0	0	0	0	0	0	0	0	0	0	0	0	0	0	1981	0	0	0	0	0	0	0	0	0	0	0	0	0	0	0	0	0	0	0	0	0
eb3aa13eecd7eafab63cb9af2ab27031	0	0	0	0	0	0	0	0	0	0	0	0	0	0	0	0	0	0	0	0	0	0	0	0	0	0	0	0	0	0	0	0	0	0	1906	0	0	0
edb753c01883fdcfeb9f2d7abfdb097c	0	0	0	0	0	0	0	0	0	0	0	0	0	0	0	1891	0	0	4	0	0	0	0	0	0	0	0	0	0	0	0	0	0	0	0	0	0	0
52620cfab9ba6cfc299594d0aa0f8a9b	0	0	0	0	0	0	0	0	0	0	0	0	0	0	0	0	0	0	0	0	0	0	0	0	0	0	0	0	0	0	0	1848	0	0	0	0	0	0
9b78a235598e5573203a0686347b2162	0	0	0	0	0	0	0	0	0	0	0	0	0	0	0	0	0	0	0	0	1795	0	0	0	0	0	0	0	0	0	0	0	0	0	0	0	0	0
6e6ca57bab82586e9196a64e583d5ec7	0	0	0	0	0	0	0	0	0	0	1787	0	0	0	0	0	0	0	0	0	0	0	0	0	0	0	0	0	0	0	0	0	0	0	0	0	0	0
0dd28d75744c1d6266f56a64e0ba0a74	601	0	0	0	0	0	0	0	0	0	0	0	59	0	0	0	0	0	0	0	0	0	0	0	0	0	0	815	0	0	0	0	0	0	275	0	0	0
dcf73c54a7fa0564dff24133735bb73f	0	0	0	0	0	0	0	0	0	0	0	0	0	0	0	0	0	0	0	0	0	0	0	0	0	0	0	0	0	0	0	0	1657	0	0	0	0	0
2c29e5403d3d70891bac439bd0c9dc31	0	0	0	0	0	0	0	0	0	0	0	0	0	0	0	0	0	0	0	0	0	0	0	0	0	0	0	0	0	1640	0	0	0	0	0	0	0	0
3e4776c0adce3f4f566a8247d1b9bb48	0	0	0	0	0	0	0	0	0	0	0	0	0	0	0	0	0	0	0	0	0	1624	0	0	0	0	0	0	0	0	0	0	0	0	0	0	0	0
17c2baf06eb3bf65debaf92459a99dc3	0	0	0	0	0	0	0	0	0	0	0	0	0	0	0	0	0	0	0	0	0	0	0	0	0	0	0	0	0	0	0	0	0	0	0	1547	0	0
dfc9a53c82fc8cb5360bbbe5497cd0d8	0	0	0	0	0	0	0	0	0	0	0	0	0	0	0	0	0	0	0	0	0	0	0	0	0	1470	0	0	0	0	0	0	0	0	0	0	0	0
3e1989504c0ae86229821d6bcde5e59b	0	0	0	0	0	0	0	0	0	0	0	0	0	0	0	0	0	1451	0	0	0	0	0	0	0	0	0	0	0	0	0	0	0	0	0	0	0	0
6fa57ae8762e856b6916a10b2cb9f05e	0	0	0	0	0	0	0	0	0	0	0	0	0	0	0	0	0	0	0	0	0	0	0	0	0	0	0	0	0	0	1324	0	0	0	0	0	0	0
ac274ac08f5318690f465e60d81ef4c6	0	0	0	0	0	0	0	0	0	0	0	0	0	0	0	0	0	0	0	0	0	0	0	0	0	0	0	0	0	0	0	0	0	0	1278	13	0	0
2d4ac280fe157272948157f84e2a1d14	0	0	0	0	0	0	0	1245	0	0	0	0	0	0	0	0	0	0	0	0	0	0	0	0	0	0	0	0	0	0	0	0	0	0	0	0	0	0
0612e31aafb1267f483bd7a582183ae9	0	0	0	0	0	1231	7	0	0	0	0	0	0	0	0	0	0	0	0	0	0	0	0	0	0	0	0	0	0	0	0	0	0	0	0	0	0	0
f36ccfa7c06cb2e3c27df4fc8c15a0ee	0	0	0	0	0	0	0	0	0	0	0	0	0	0	0	0	0	0	0	0	0	1201	0	0	0	0	0	0	0	0	0	0	0	0	0	0	0	0
c6c4842eb2765b591a1fbd363c8bf420	0	0	0	0	0	0	0	0	0	0	0	0	0	1120	0	0	0	0	0	0	0	0	0	0	0	0	0	0	0	0	0	0	0	0	0	0	0	0
08ef9041d240e77e1598fe5e74dd18b7	0	0	0	0	0	0	0	0	0	0	0	0	0	0	0	0	0	0	0	0	0	0	1119	0	0	0	0	0	0	0	0	0	0	0	0	0	0	0
f3dd1019259afa2747d579bae9391d6b	0	0	0	0	0	0	0	0	0	0	0	0	0	0	0	0	0	0	1063	0	0	0	0	0	0	0	0	0	0	0	0	0	0	0	0	0	0	0
8b2b2fe328b51a209853c024a24dcb08	0	0	0	0	0	0	0	1053	0	0	0	0	0	0	0	0	0	0	0	0	0	0	0	0	0	0	0	0	0	0	0	0	0	0	0	0	0	0
b31e9fef8df757b3efe0963041d52213	0	0	0	0	0	0	0	0	0	0	0	0	1016	0	0	0	0	0	0	0	0	0	0	0	0	0	0	0	0	0	0	0	0	0	0	0	0	0
6b8cbae2c272c9651be327eb81da8a49	0	0	0	0	0	0	0	0	0	0	0	0	0	0	0	0	0	978	0	0	0	0	0	0	0	0	0	0	0	0	0	0	0	0	0	0	0	0
5f9ce8bea83248252140b893bfe2e693	0	0	0	0	0	0	0	0	0	0	0	0	0	0	892	0	0	0	0	0	0	0	0	0	0	0	0	0	0	0	0	0	0	0	0	0	0	0
bb6a4871792ca6025c1743079184610f	0	0	0	0	0	0	0	0	0	0	0	0	0	0	0	0	0	0	0	0	0	0	891	0	0	0	0	0	0	0	0	0	0	0	0	0	0	0
ea76442776017f3a6298f5e1ba642816	0	0	0	0	0	0	0	0	0	0	0	0	0	0	0	0	0	0	0	0	0	0	0	0	0	0	0	0	0	614	0	0	0	0	271	0	0	0
d8447bef03015bad7c1713726acb27df	0	0	0	0	0	0	0	0	0	0	0	0	0	0	0	0	0	0	0	0	0	0	0	0	0	0	0	0	0	883	0	0	0	0	0	0	0	0
2ac00e977deecb7df702e9b09b9d0995	0	0	0	0	0	0	0	871	0	0	0	0	0	0	0	0	0	0	0	0	0	0	0	0	0	0	0	0	0	0	0	0	0	0	0	0	0	0
afaff5dc50fea22c8741f92280c7bec9	0	0	0	0	0	0	0	0	0	0	0	0	0	0	0	861	0	0	0	0	0	0	0	0	0	0	0	0	0	0	0	0	0	0	0	0	0	0
821abcb25a077fea95aae47e0cc4bebe	0	0	0	0	0	812	29	0	0	0	0	0	0	0	0	0	0	0	0	0	0	0	0	0	0	0	0	0	0	0	0	0	0	0	0	0	0	0
5f7d75e2d03ad4fdfda47a468a66a7ba	0	0	0	821	0	0	0	0	0	0	0	0	0	0	0	0	0	0	0	0	0	0	0	0	0	0	0	0	0	0	0	0	0	0	0	0	0	0
face89c2ae7491d0fbbf387be9dbb2a7	0	0	0	0	0	0	0	0	0	0	0	0	0	0	0	0	0	557	0	0	0	0	0	0	0	0	0	0	0	0	0	250	0	0	0	0	0	0
4cab6bf3218608fee805fecdb8f165db	0	0	0	0	0	0	0	0	0	0	0	0	0	0	0	0	0	0	0	0	0	0	0	0	0	0	803	0	0	0	0	0	0	0	0	0	0	0
e65aa64eaa112e5f06974d78720c4f5d	0	0	0	0	0	0	0	0	0	0	767	0	0	0	0	0	0	0	0	0	0	0	0	0	0	0	0	0	0	0	0	0	0	0	0	0	0	0
a5d26c194e732e0f554b960dc669abc3	0	0	0	0	0	0	0	82	0	0	0	0	66	0	106	0	0	16	79	0	0	0	76	0	0	148	0	85	0	0	0	44	0	0	0	64	0	0
1b801d475f2e58cf5142c1e4022fd429	0	0	0	0	0	0	0	0	0	0	0	0	0	0	0	741	0	0	0	0	0	0	0	0	0	0	0	0	0	0	0	0	0	0	0	0	0	0
86271ff686f8e1fbb8e5ad5475dc0e0b	0	0	0	0	0	0	0	0	0	0	0	0	0	0	0	0	0	0	0	0	0	0	0	509	0	0	0	0	0	0	0	0	0	0	0	230	0	0
40822f38cf9493021b2ffa119d2270cf	0	0	0	734	0	0	0	0	0	0	0	0	0	0	0	0	0	0	0	0	0	0	0	0	0	0	0	0	0	0	0	0	0	0	0	0	0	0
807103fa539332887e1bdd929c8453e0	0	0	0	0	0	0	0	0	0	0	702	0	0	0	0	0	0	0	0	0	0	0	0	0	0	0	0	0	0	0	0	0	0	0	0	0	0	0
6086c2be92f901d8c69fbf3e87f42528	0	0	0	0	0	0	0	0	0	0	0	0	0	0	691	0	0	0	0	0	0	0	0	0	0	0	0	0	0	0	0	0	0	0	0	0	0	0
322263dc2f9c7d7bdf0f2188af15c751	0	0	0	0	0	0	0	0	0	652	0	0	0	0	0	0	0	0	0	0	0	0	0	0	0	0	0	0	0	0	0	0	0	0	0	0	0	0
bc943e88280586f66098b7b1c464672a	0	0	0	0	0	0	0	0	0	0	0	0	0	0	0	0	0	0	0	0	0	0	0	0	0	0	0	0	0	0	0	0	0	0	0	649	0	0
ba184997f4ac06b0d5a05c5bbe45d497	0	0	0	0	0	0	0	0	0	0	0	0	0	0	0	0	0	0	0	0	0	0	641	0	0	0	0	0	0	0	0	0	0	0	0	0	0	0
613871932285a90bbc975387022c20db	0	0	0	0	0	0	0	0	0	0	0	0	0	0	640	0	0	0	0	0	0	0	0	0	0	0	0	0	0	0	0	0	0	0	0	0	0	0
ad8acf022bbfaaffa551250c61b54a6a	0	0	0	0	0	0	0	0	633	0	0	0	0	0	0	0	0	0	0	0	0	0	0	0	0	0	0	0	0	0	0	0	0	0	0	0	0	0
6d929764043f7d270ccf9eb71bfc893d	595	0	0	0	0	0	0	0	0	0	0	0	0	0	0	0	0	0	0	0	0	0	0	0	0	0	0	0	0	0	0	0	0	0	0	0	0	0
1611736929e2b9fdd84d78941d4674d6	0	0	0	590	0	0	0	0	0	0	0	0	0	0	0	0	0	0	0	0	0	0	0	0	0	0	0	0	0	0	0	0	0	0	0	0	0	0
53ffe17036e9e8edb7bacd90d9252f9b	0	0	0	0	0	0	0	0	0	0	0	0	0	0	0	0	0	0	588	0	0	0	0	0	0	0	0	0	0	0	0	0	0	0	0	0	0	0
84d9b0529292400006ce26c074f856e9	565	0	0	0	0	0	0	0	0	0	0	0	0	0	0	0	0	0	0	0	0	0	0	0	0	0	0	0	0	0	0	0	0	0	0	0	0	0
55898dc1e54b9503b9f5841cd6213d13	0	0	0	0	0	0	0	0	0	0	0	0	0	0	0	0	0	0	0	0	0	0	0	0	0	0	0	0	562	0	0	0	0	0	0	0	0	0
7f42fcc222a8f1dc329631fc8ec25832	0	0	0	0	0	0	0	0	0	558	0	0	0	0	0	0	0	0	0	0	0	0	0	0	0	0	0	0	0	0	0	0	0	0	0	0	0	0
375ac3ec0709b8911eab94c2dcb2d425	0	0	0	0	0	0	0	0	0	0	0	0	0	0	0	552	0	0	5	0	0	0	0	0	0	0	0	0	0	0	0	0	0	0	0	0	0	0
08987dd3fe5b8141b0532d6a962893cb	0	0	0	0	0	0	0	0	0	0	0	0	0	0	554	0	0	0	0	0	0	0	0	0	0	0	0	0	0	0	0	0	0	0	0	0	0	0
cb18f583ee11803d9b93b1b9d9a12b04	0	0	0	0	0	0	0	0	0	0	0	0	0	0	0	0	0	0	0	0	0	0	0	0	0	0	0	0	554	0	0	0	0	0	0	0	0	0
f2c3426dde7e31ebeb0f0f5721706a52	0	0	0	0	0	0	0	0	0	0	0	0	0	0	0	0	0	0	0	0	0	0	0	0	0	0	0	0	0	0	0	0	545	0	0	0	0	0
abf162c6cbedee28d3b17c7718aafc2a	0	0	0	0	0	334	0	0	24	0	0	6	0	0	0	11	0	0	0	0	0	0	0	0	0	0	0	0	0	0	0	0	0	57	101	0	0	0
9329d1afeea6da61c89c809dbc8d82ad	0	0	0	0	0	0	0	0	0	0	0	0	0	0	532	0	0	0	0	0	0	0	0	0	0	0	0	0	0	0	0	0	0	0	0	0	0	0
086e548b7a675c86ff5556edac5d7c44	0	0	0	0	0	0	0	0	0	0	0	0	0	0	517	0	0	0	0	0	0	0	0	0	0	0	0	0	0	0	0	0	0	0	0	0	0	0
4d6b12a26be7099d2f255a9a07c3de4c	0	502	0	0	0	0	0	0	0	0	0	0	0	0	0	0	0	0	0	0	0	0	0	0	0	0	0	0	0	0	0	0	0	0	0	0	0	0
f0c2d010b1fb93f00e83749409ffe1b8	0	0	0	0	0	0	0	0	0	0	0	0	0	0	0	0	0	0	0	0	0	0	0	0	0	0	0	0	0	0	0	0	0	0	497	0	0	0
62cc95865dd4e638f6c033cd1a54f766	0	0	0	0	0	0	0	0	0	0	0	0	0	0	0	0	0	0	0	0	0	0	0	0	0	0	0	0	0	0	0	0	0	0	0	479	0	0
25b6b30c8160e176ca02047e853b49f2	0	0	0	0	0	0	0	0	0	0	0	0	0	0	0	0	0	0	0	0	0	0	0	0	0	0	0	0	0	0	0	0	0	0	0	466	0	0
4afca513705b5aa4792d5a16c97f60e3	0	0	0	0	0	0	0	0	0	0	0	0	0	0	464	0	0	0	0	0	0	0	0	0	0	0	0	0	0	0	0	0	0	0	0	0	0	0
e435136539a7f628e8f11722f1b5d911	0	0	0	0	0	0	0	463	0	0	0	0	0	0	0	0	0	0	0	0	0	0	0	0	0	0	0	0	0	0	0	0	0	0	0	0	0	0
19abeab29f326d6331fceea795a645a8	0	0	0	441	0	0	0	0	0	0	0	0	0	0	0	0	0	0	0	0	0	0	0	0	0	0	0	0	0	0	0	0	0	0	0	0	0	0
72b1b339815dde000faf178d95c03548	0	0	0	0	0	0	438	0	0	0	0	0	0	0	0	0	0	0	0	0	0	0	0	0	0	0	0	0	0	0	0	0	0	0	0	0	0	0
bcf0a688e7fa27eb37156da867c4ea93	0	0	0	0	0	0	0	0	0	0	0	0	0	0	0	0	0	0	0	0	0	0	0	0	0	0	438	0	0	0	0	0	0	0	0	0	0	0
115185b62d16b673aee2bb085e22dc40	0	0	0	0	0	0	0	0	0	0	0	0	0	0	0	0	0	0	0	0	0	0	0	0	0	427	0	0	0	0	0	0	0	0	0	0	0	0
50be715a968873f591bd4f71454a702c	0	0	0	420	0	0	0	0	0	0	0	0	0	0	0	0	0	0	0	0	0	0	0	0	0	0	0	0	0	0	0	0	0	0	0	0	0	0
0587cfd500eccb5c447771cf8ab70759	0	0	0	0	0	0	0	0	0	0	0	0	0	0	0	0	0	0	0	0	0	0	0	0	0	0	0	0	0	0	0	418	0	0	0	0	0	0
28f0cd55529b55f172b73e210a1650b7	0	0	0	0	0	0	0	0	0	0	0	0	0	0	0	0	0	0	0	0	0	0	0	0	0	0	417	0	0	0	0	0	0	0	0	0	0	0
e228dc01220de9a5eacf31130b4c1b21	0	0	0	0	0	0	0	0	0	0	0	0	0	0	0	0	0	0	0	0	0	0	0	0	0	0	417	0	0	0	0	0	0	0	0	0	0	0
9df64553f0876a7fbdb6f7d0098101e3	0	414	0	0	0	0	0	0	0	0	0	0	0	0	0	0	0	0	0	0	0	0	0	0	0	0	0	0	0	0	0	0	0	0	0	0	0	0
654181b0444ca88b182ae52e259a3cdb	0	0	0	0	0	0	0	0	0	0	412	0	0	0	0	0	0	0	0	0	0	0	0	0	0	0	0	0	0	0	0	0	0	0	0	0	0	0
7283bc62df526b3218e029d565d39cad	0	406	0	0	0	0	0	0	0	0	0	0	0	0	0	0	0	0	0	0	0	0	0	0	0	0	0	0	0	0	0	0	0	0	0	0	0	0
17c20b7c57594a7d5cae5341ba5276a1	0	0	0	0	0	0	0	0	0	6	0	0	0	0	0	0	185	0	0	0	0	0	0	0	28	0	0	0	0	57	0	0	0	0	0	0	0	130
7b176d63603240a9fe3e12da08d27aa3	0	0	0	0	0	0	0	0	0	27	0	0	0	0	0	0	0	0	0	0	0	0	0	0	362	0	0	0	0	0	0	0	0	0	0	0	0	0
a4e66d516a28058094fd1aca17c7bcc2	361	0	0	0	0	0	0	0	0	0	0	0	0	0	0	0	0	0	0	0	0	0	0	0	0	0	0	0	0	0	0	0	0	0	0	0	0	0
fe774f6f7e90d0e57aaaae3f64c8d34a	0	0	0	0	0	0	0	0	0	0	0	0	0	0	0	0	0	0	0	0	0	0	0	0	0	0	0	0	355	0	0	0	0	0	0	0	0	0
cea3b623dd793ea66ff7ade80f445151	0	0	0	0	27	52	0	0	0	0	0	30	75	77	89	0	0	0	0	0	0	0	0	0	0	0	0	0	0	0	0	0	0	0	0	0	0	0
86c26160e79a6382242ad45193867a17	0	0	0	0	0	0	0	0	0	0	0	0	0	0	0	0	341	0	0	0	0	0	0	0	0	0	0	0	0	0	0	0	0	0	0	0	0	0
7543c26c8504beb82591935091168e2f	0	0	0	0	0	0	0	0	0	0	0	0	0	0	0	0	336	0	0	0	0	0	0	0	0	0	0	0	0	0	0	0	0	0	0	0	0	0
af01fa78d296da4e870596e566a98181	0	0	17	0	262	0	0	0	0	0	0	0	42	0	0	0	0	0	0	0	0	0	0	0	12	0	0	0	0	0	0	0	0	0	0	0	0	0
9a4c030a15a7a20deda42caab7e54d64	0	0	0	0	0	0	0	0	0	0	0	0	0	153	0	4	0	0	0	0	0	0	0	0	0	0	0	0	0	175	0	0	0	0	0	0	0	0
ad1636e972e3910a1f03aa7642dc3c80	0	0	0	0	0	0	0	0	16	0	0	0	0	0	0	0	0	0	0	0	0	0	0	123	0	0	0	0	0	138	0	0	0	0	47	0	0	0
9fc10f8aabcca6495c249c9ce92405aa	0	0	0	0	0	0	0	0	0	0	0	0	0	322	0	0	0	0	0	0	0	0	0	0	0	0	0	0	0	0	0	0	0	0	0	0	0	0
29e80a36298e889f86a7a5b3f6408ee5	0	0	317	0	0	0	0	0	0	0	0	0	0	0	0	0	0	0	4	0	0	0	0	0	0	0	0	0	0	0	0	0	0	0	0	0	0	0
cf83d21808915e4710c28ee72dcc3d76	0	0	0	0	0	315	0	0	0	0	0	0	0	0	0	0	0	0	0	0	0	0	0	0	0	0	0	0	0	0	0	0	0	0	0	0	0	0
b2eb305b0d8d51fda0820e32b888a070	0	0	0	0	0	0	0	0	0	0	0	0	0	0	307	0	0	0	0	0	0	0	0	0	0	0	0	0	0	0	0	0	0	0	0	0	0	0
d7419673803eb6d176baa25219d162c8	0	210	0	0	0	0	0	0	0	0	0	0	94	0	0	0	0	0	0	0	0	0	0	0	0	0	0	0	0	0	0	0	0	0	0	0	0	0
ca30230cbecc7e14e4920546fa6dfa07	0	0	0	0	0	0	0	0	0	0	0	0	0	0	0	0	0	0	0	0	0	0	0	0	0	0	0	0	0	0	0	0	301	0	0	0	0	0
7836300e9092227a3a7bf9bbf0938428	0	0	0	0	0	0	0	0	0	0	0	0	0	0	0	0	0	0	0	0	0	0	0	0	0	0	0	298	0	0	0	0	0	0	0	0	0	0
035904cc243fb126f342c49aff6b2e37	0	0	0	0	0	0	0	0	0	0	0	0	0	0	0	0	0	0	0	0	0	0	0	294	0	0	0	0	0	0	0	0	0	0	0	0	0	0
8226edd4f7b8316bddbc4d3df59af644	0	0	0	0	0	0	0	0	0	0	291	0	0	0	0	0	0	0	0	0	0	0	0	0	0	0	0	0	0	0	0	0	0	0	0	0	0	0
36aa548d18356c5301ab4d349925efb5	0	0	0	0	0	0	0	0	0	0	0	0	0	133	0	0	0	0	0	0	0	0	0	0	0	0	0	0	0	81	0	0	0	0	0	76	0	0
782e347f63f34213da36722bcece145a	0	0	0	0	0	0	0	0	0	0	0	0	0	0	0	0	0	0	0	0	0	0	0	0	0	0	289	0	0	0	0	0	0	0	0	0	0	0
1ac63cacbbc24d34188a1772d7f76c85	0	0	0	0	0	0	0	0	0	0	0	0	0	0	0	0	0	0	0	0	0	0	0	0	0	0	0	0	0	0	0	0	289	0	0	0	0	0
317c08a6fc9d3a2248d175631bae2fba	0	0	0	0	0	0	0	0	0	0	0	0	0	0	0	0	0	0	270	0	0	0	0	0	0	0	0	0	0	0	0	0	0	0	0	0	0	0
7e088a175fcdd7720732f0451cfa6f04	0	0	0	0	0	81	0	0	89	0	0	0	0	0	0	0	0	0	0	0	0	0	0	0	0	0	0	0	0	0	0	0	0	45	53	0	0	0
f7eb8ef2ceb5384ed479de345e3f5554	0	267	0	0	0	0	0	0	0	0	0	0	0	0	0	0	0	0	0	0	0	0	0	0	0	0	0	0	0	0	0	0	0	0	0	0	0	0
2a5a6d35db5fbd43eba81f140a6c7d1f	0	0	0	0	0	0	0	0	0	0	0	0	0	0	0	0	0	0	0	0	0	0	0	267	0	0	0	0	0	0	0	0	0	0	0	0	0	0
3cdebf12f24e494830020333df402b2c	0	0	0	0	0	0	0	0	0	0	0	0	0	0	0	0	0	0	0	0	0	0	0	0	0	0	0	165	0	0	0	0	0	0	54	0	0	47
701813a3dafb89edc9578f3b809262e2	0	0	0	0	0	0	0	0	0	0	263	0	0	0	0	0	0	0	0	0	0	0	0	0	0	0	0	0	0	0	0	0	0	0	0	0	0	0
c4a5e3ded6293d7d65a80915778ec060	0	0	0	0	0	151	0	0	22	0	0	0	0	0	0	0	0	0	0	0	0	0	0	0	0	0	0	0	0	0	0	0	0	27	58	0	0	0
db5b2ff16347f792497348ae33fc114d	0	0	0	0	0	0	0	0	0	0	0	0	0	0	0	0	0	0	0	0	0	258	0	0	0	0	0	0	0	0	0	0	0	0	0	0	0	0
d6e746813bbb22cf124243f928e515f8	0	0	0	0	0	0	0	0	0	0	257	0	0	0	0	0	0	0	0	0	0	0	0	0	0	0	0	0	0	0	0	0	0	0	0	0	0	0
1ea05b43347635ce342e48e695316adf	0	0	0	0	0	0	0	0	256	0	0	0	0	0	0	0	0	0	0	0	0	0	0	0	0	0	0	0	0	0	0	0	0	0	0	0	0	0
2d3fc41a7b464c3cb4f5772b8c1af6eb	0	0	0	0	0	0	0	0	0	0	0	0	0	0	0	0	231	0	0	0	0	0	0	0	0	0	0	0	0	0	0	0	0	0	0	0	0	0
443041b13cf3cd8e8772b66fec7c0f18	0	0	0	0	0	0	0	0	0	0	0	0	0	0	0	0	0	0	0	0	0	0	0	0	0	0	0	0	0	0	0	0	230	0	0	0	0	0
03ab69275feec60539c99e9daaf5e88b	0	0	0	0	0	0	0	0	0	0	0	0	0	0	215	0	0	0	0	0	0	0	0	0	0	0	0	0	0	0	0	0	0	0	0	0	0	0
ac59505a57c08e024c053e10b463f64a	0	0	0	0	0	0	0	0	0	0	0	0	0	0	0	215	0	0	0	0	0	0	0	0	0	0	0	0	0	0	0	0	0	0	0	0	0	0
1c3e9133df3c3b8386a1a9b432e1f625	90	0	0	0	0	0	0	0	84	0	0	0	0	0	0	0	0	0	0	0	0	0	0	0	0	0	0	0	0	0	0	0	0	0	0	0	0	40
c6b23f47a2d9f9d4d698dd913f202079	0	0	0	0	0	0	0	0	0	0	0	0	0	0	199	0	0	0	0	0	0	0	0	0	0	0	0	0	0	0	0	0	0	0	0	0	0	0
849ee15bb8bce4c9055730b02bad77c1	0	0	0	0	0	0	0	197	0	0	0	0	0	0	0	0	0	0	0	0	0	0	0	0	0	0	0	0	0	0	0	0	0	0	0	0	0	0
a21199fbfef96181b34580f0d5d70e17	193	0	0	0	0	0	0	0	0	0	0	0	0	0	0	0	0	0	0	0	0	0	0	0	0	0	0	0	0	0	0	0	0	0	0	0	0	0
3039cf711d237a7827311e81205d7039	0	0	192	0	0	0	0	0	0	0	0	0	0	0	0	0	0	0	0	0	0	0	0	0	0	0	0	0	0	0	0	0	0	0	0	0	0	0
1dcf79f8d5d5e2f9b7e45ff781e86942	0	0	0	0	0	0	0	0	0	0	0	0	0	0	0	0	0	0	0	0	0	0	0	0	0	0	0	0	0	0	0	0	190	0	0	0	0	0
106d95bfc34ab24ec1013729edbd22fb	0	0	0	0	0	0	0	0	0	0	0	0	0	0	0	0	0	0	0	0	0	183	0	0	0	0	0	0	0	0	0	0	0	0	0	0	0	0
33b2c110f6b7851982cec436a51e7233	0	0	0	0	0	0	0	0	0	0	0	0	0	0	0	0	0	0	0	0	0	0	0	0	0	0	0	0	0	0	0	183	0	0	0	0	0	0
4c17e3097a098ffa7a08f16ee218afbe	0	0	0	0	0	0	0	0	0	0	0	0	0	0	0	0	0	0	0	0	0	0	0	0	0	0	0	0	178	0	0	0	0	0	0	0	0	0
b943c64e2a33f8b4da9c1e2d83115c80	0	0	0	0	0	0	0	0	0	0	0	0	0	0	0	0	0	0	0	0	0	0	0	0	0	0	0	20	0	0	0	0	0	70	0	0	22	59
376ff1a41a134456beeeb8a81f3b87cf	0	0	0	0	0	0	0	0	0	0	0	0	170	0	0	0	0	0	0	0	0	0	0	0	0	0	0	0	0	0	0	0	0	0	0	0	0	0
23505438ad35260ec5a7e119d46420ae	0	0	0	0	0	0	0	0	0	0	0	0	0	0	0	0	170	0	0	0	0	0	0	0	0	0	0	0	0	0	0	0	0	0	0	0	0	0
dfa49d5ed95882a572e116b19822b04f	0	0	0	0	0	0	0	0	0	0	0	0	0	0	0	166	0	0	0	0	0	0	0	0	0	0	0	0	0	0	0	0	0	0	0	0	0	0
394c50b8d32a38b479ddb44330bb3a47	0	0	0	0	0	0	0	0	158	0	0	0	0	0	0	0	0	0	0	0	0	0	0	0	0	0	0	0	0	0	0	0	0	0	0	0	0	0
f165306318d95e0ed81276613ebbe9dc	0	0	0	0	0	0	0	153	0	0	0	0	0	0	0	0	0	0	0	0	0	0	0	0	0	0	0	0	0	0	0	0	0	0	0	0	0	0
3fbbab768a85b90ed18b0307d431b522	0	0	0	0	0	0	0	0	138	0	0	0	0	0	0	0	0	0	0	0	0	0	0	0	0	0	0	0	0	0	0	0	0	0	0	0	0	0
2caf1df79e425b4deb2a8008291751fb	0	0	0	0	0	0	0	0	0	0	0	0	0	0	0	0	0	0	0	0	0	0	0	0	0	136	0	0	0	0	0	0	0	0	0	0	0	0
b89e39b8c215089c2171b88b5d0b59a5	0	0	0	0	0	0	0	0	0	0	0	0	0	0	129	0	0	0	0	0	0	0	0	0	0	0	0	0	0	0	0	0	0	0	0	0	0	0
5b36e6cc699f5e63bf3861023c775862	0	0	0	0	0	0	0	0	0	0	0	0	0	0	0	0	0	0	0	128	0	0	0	0	0	0	0	0	0	0	0	0	0	0	0	0	0	0
1800a54f062957ee6655bf43951f02e0	0	0	0	0	0	0	0	0	0	0	0	0	0	0	0	0	0	0	125	0	0	0	0	0	0	0	0	0	0	0	0	0	0	0	0	0	0	0
9e1dff6c920d8be85a2d6eda38c4afdc	0	0	0	0	0	0	0	0	0	0	0	0	0	0	0	0	0	0	0	0	0	0	0	0	0	0	0	0	0	0	0	0	0	0	0	125	0	0
9a5aabfdc3fb5c8ae5dfb0906e365445	0	0	0	4	120	0	0	0	0	0	0	0	0	0	0	0	0	0	0	0	0	0	0	0	0	0	0	0	0	0	0	0	0	0	0	0	0	0
342a4de93495de16ff16f415685be660	0	0	0	0	0	0	0	0	0	0	0	0	123	0	0	0	0	0	0	0	0	0	0	0	0	0	0	0	0	0	0	0	0	0	0	0	0	0
1b39765e3e1476d7eb2563acc2626dbc	0	0	0	0	0	0	0	0	0	0	0	121	0	0	0	0	0	0	0	0	0	0	0	0	0	0	0	0	0	0	0	0	0	0	0	0	0	0
ba0797c50c901c1986addb4052c38036	0	0	0	0	0	0	0	0	0	0	0	0	0	0	0	0	0	0	0	0	0	0	0	0	0	121	0	0	0	0	0	0	0	0	0	0	0	0
a88243cd0bc15576bb7a0821a75a53d9	0	0	0	0	0	0	0	0	0	0	0	0	0	0	0	0	0	0	0	0	0	0	0	0	0	0	120	0	0	0	0	0	0	0	0	0	0	0
9e36587ea93923808e58c8dd4cd2a54e	0	8	0	0	0	0	0	22	0	0	0	0	25	0	59	0	0	0	0	0	0	0	0	0	0	0	0	0	0	0	0	0	0	0	0	0	0	0
d26313c10cde039a42c32765437db728	0	0	0	111	0	0	0	0	0	0	0	0	0	0	0	0	3	0	0	0	0	0	0	0	0	0	0	0	0	0	0	0	0	0	0	0	0	0
e4fb88b5fa8cb279dad7eae0cb73d640	0	0	0	0	0	0	0	0	0	0	0	0	0	0	0	0	0	0	114	0	0	0	0	0	0	0	0	0	0	0	0	0	0	0	0	0	0	0
72497c408afa9365363e0c2f7397eaf0	0	0	0	0	0	0	0	0	0	0	0	0	0	0	0	111	0	0	0	0	0	0	0	0	0	0	0	0	0	0	0	0	0	0	0	0	0	0
63bf155c81c04925b5e7665aca9f859d	0	0	0	0	0	0	0	0	0	0	0	0	0	0	0	0	0	106	0	0	0	0	0	0	0	0	0	0	0	0	0	0	0	0	0	0	0	0
bf462132330bc96e269cf8290cb794f3	0	0	0	0	0	0	0	0	0	0	0	0	0	0	0	0	0	105	0	0	0	0	0	0	0	0	0	0	0	0	0	0	0	0	0	0	0	0
218e04c93496a9c86b69a197701f23e4	0	0	0	0	0	0	0	50	0	0	0	0	0	0	27	0	0	0	0	0	0	0	0	0	0	20	0	0	0	0	0	0	0	0	0	0	0	0
3fe6581d5577616530ec3d7c0d1370a3	0	0	0	0	0	0	0	0	0	0	0	0	0	0	95	0	0	0	0	0	0	0	0	0	0	0	0	0	0	0	0	0	0	0	0	0	0	0
cf8d57f6aba20f36dc3edd968986101d	0	0	0	0	0	0	0	0	0	0	0	0	86	0	0	0	0	0	0	0	0	0	0	0	0	0	0	0	0	0	0	0	0	0	0	0	0	0
54b800a92b8b17e6340bb066a48923dc	0	0	0	0	0	0	0	85	0	0	0	0	0	0	0	0	0	0	0	0	0	0	0	0	0	0	0	0	0	0	0	0	0	0	0	0	0	0
3262aeaaf90c44162d5dd7342e04a9f4	0	0	0	0	0	0	0	0	83	0	0	0	0	0	0	0	0	0	0	0	0	0	0	0	0	0	0	0	0	0	0	0	0	0	0	0	0	0
a2f43ddaf8fbe7de372563c378b78e76	0	0	0	0	0	0	0	0	0	0	0	0	0	0	0	0	0	0	0	0	0	0	0	0	0	0	0	0	0	0	0	0	82	0	0	0	0	0
a1f3c30d764ef3710ab460bfb3fabf17	0	0	0	0	0	0	0	0	0	0	81	0	0	0	0	0	0	0	0	0	0	0	0	0	0	0	0	0	0	0	0	0	0	0	0	0	0	0
85f4e23ceb49cf7dfd8d34307aae49d7	0	0	0	0	0	0	0	0	0	0	0	0	0	0	0	0	0	80	0	0	0	0	0	0	0	0	0	0	0	0	0	0	0	0	0	0	0	0
390cc04d9f3db05c75cc9f9064acb85d	0	0	0	0	0	0	0	0	0	0	0	0	0	0	0	0	0	0	0	0	0	0	80	0	0	0	0	0	0	0	0	0	0	0	0	0	0	0
bf7aed7c12e87a4b482e99ca07fcb060	0	0	0	0	0	0	0	0	0	0	0	0	0	0	0	0	0	0	0	0	0	0	0	0	0	0	0	0	0	0	0	0	79	0	0	0	0	0
ba12658d578b735cd83482b62672d6ba	0	0	0	0	0	0	0	77	0	0	0	0	0	0	0	0	0	0	0	0	0	0	0	0	0	0	0	0	0	0	0	0	0	0	0	0	0	0
374e4761ba0b143f2ce0d6421a8f5a82	0	0	0	0	0	0	0	0	0	0	0	0	0	0	0	0	0	0	0	0	0	0	0	0	0	0	0	0	0	0	0	0	0	75	0	0	0	0
43f4f4a4f1c2abb0a04699aa55869b00	0	0	0	0	0	0	0	0	0	0	0	70	0	0	0	0	0	0	0	0	0	0	0	0	0	0	0	0	0	0	0	0	0	0	0	0	0	0
9c98e3e9ee62f7d37f645ad2cd54cc86	0	0	0	0	0	0	0	0	0	0	0	0	0	0	0	0	0	69	0	0	0	0	0	0	0	0	0	0	0	0	0	0	0	0	0	0	0	0
25ce053c38c588774b155a020c634915	0	0	0	0	0	0	0	0	0	0	0	0	0	67	0	0	0	0	0	0	0	0	0	0	0	0	0	0	0	0	0	0	0	0	0	0	0	0
65b1bd16a5c07cc0a3f53138cce4eb85	0	0	0	0	0	0	0	0	0	0	0	0	64	0	0	0	0	0	0	0	0	0	0	0	0	0	0	0	0	0	0	0	0	0	0	0	0	0
74d0d47b78f8b8693288fb75aae754f5	0	0	0	0	0	0	0	0	0	0	0	0	0	0	0	0	0	0	0	0	0	0	0	0	0	0	0	0	0	0	64	0	0	0	0	0	0	0
e4f5966e060bd1200e60be53cba0eeff	0	0	0	0	0	0	0	62	0	0	0	0	0	0	0	0	0	0	0	0	0	0	0	0	0	0	0	0	0	0	0	0	0	0	0	0	0	0
5f3d7783d3569414437f5ef0f4695c9a	0	0	0	0	0	0	0	59	0	0	0	0	0	0	0	0	0	0	0	0	0	0	0	0	0	0	0	0	0	0	0	0	0	0	0	0	0	0
3142d263be8633b2262ef8f6d711cb92	0	0	0	0	0	0	0	0	0	0	58	0	0	0	0	0	0	0	0	0	0	0	0	0	0	0	0	0	0	0	0	0	0	0	0	0	0	0
233760925ab2b3fc56d76864fb14d658	15	0	0	0	0	0	0	0	0	0	0	0	0	0	0	0	0	0	0	0	0	0	23	0	0	0	0	19	0	0	0	0	0	0	0	0	0	0
65d5cea37226a3e21d432117b09f118b	0	0	0	0	0	0	0	0	0	0	0	0	0	0	0	0	0	0	0	0	0	0	0	49	0	0	0	0	0	8	0	0	0	0	0	0	0	0
37610fe564a0eddc62bc54a1489cbcbd	0	0	0	0	0	0	0	0	0	0	0	0	0	0	0	0	56	0	0	0	0	0	0	0	0	0	0	0	0	0	0	0	0	0	0	0	0	0
4e57ec87a86bd32a781faa47143c8d7d	0	0	0	0	0	0	0	0	0	0	0	0	0	0	0	11	0	0	0	0	0	0	0	0	0	0	0	0	0	0	0	0	0	0	0	25	0	11
ffeba6d698b0b8c00133adc6cad326be	0	0	0	45	0	0	0	0	0	0	0	0	0	0	0	0	0	0	0	0	0	0	0	0	0	0	0	0	0	0	0	0	0	0	0	0	0	0
6241d16741acafb2d7ec938872fb7283	0	0	0	0	0	0	0	0	0	0	0	0	0	0	0	0	0	0	0	0	0	0	0	44	0	0	0	0	0	0	0	0	0	0	0	0	0	0
6bfd2a1b99f912c83c6aede0091e8e8a	0	0	0	0	0	0	0	0	0	0	0	0	0	0	0	0	0	0	0	0	0	0	0	0	0	44	0	0	0	0	0	0	0	0	0	0	0	0
b5c9fb233c8fd9708334bc20da055805	0	0	0	0	0	0	0	0	0	0	0	0	0	0	0	0	43	0	0	0	0	0	0	0	0	0	0	0	0	0	0	0	0	0	0	0	0	0
c74be90648a66bc8e5795e1e9efd009e	0	0	0	0	0	0	0	0	0	0	0	0	0	0	42	0	0	0	0	0	0	0	0	0	0	0	0	0	0	0	0	0	0	0	0	0	0	0
efdb424ad95c09a7fd214499da91bf9b	0	0	0	0	0	0	0	0	0	0	0	0	0	0	0	0	0	38	0	0	0	0	0	0	0	0	0	0	0	0	0	0	0	0	0	4	0	0
19eae13f6dbe07b0d9e7005d9c7e1476	0	0	0	0	0	0	0	0	0	0	0	0	0	0	0	0	0	19	0	0	0	0	0	0	0	0	0	0	0	0	0	23	0	0	0	0	0	0
1ff1818e4f9e925c28352c38e43651a1	0	0	0	0	0	0	0	0	0	0	0	0	0	0	0	0	0	0	0	0	0	0	0	0	0	0	0	0	0	0	0	0	0	0	0	42	0	0
4f5a7e3f7c9a0c67346d23f13a04c152	0	0	0	39	0	0	0	0	0	0	0	0	0	0	0	0	0	0	0	0	0	0	0	0	0	0	0	0	0	0	0	0	0	0	0	0	0	0
6cd7bb942c075eb191997a322e8ecfc8	0	0	0	0	0	0	0	0	0	0	0	0	0	0	0	0	0	0	0	0	0	0	0	0	0	0	0	0	0	37	0	0	0	0	0	0	0	0
ae39aca08988a984ccc2a141df07677f	0	0	0	0	0	0	0	0	36	0	0	0	0	0	0	0	0	0	0	0	0	0	0	0	0	0	0	0	0	0	0	0	0	0	0	0	0	0
ea241816bc464483fcb12b1a4f160c20	0	0	0	0	0	0	0	0	0	0	0	0	35	0	0	0	0	0	0	0	0	0	0	0	0	0	0	0	0	0	0	0	0	0	0	0	0	0
b8de60b813272add4856a184d59c8a86	0	0	0	0	0	0	0	0	0	0	0	0	0	0	0	0	0	0	0	0	0	35	0	0	0	0	0	0	0	0	0	0	0	0	0	0	0	0
486e11e6d3bdef2fa2ae97cc3717c0bb	0	0	0	0	0	34	0	0	0	0	0	0	0	0	0	0	0	0	0	0	0	0	0	0	0	0	0	0	0	0	0	0	0	0	0	0	0	0
b467b5f96014026267a9dedf9847987c	0	0	0	0	0	33	0	0	0	0	0	0	0	0	0	0	0	0	0	0	0	0	0	0	0	0	0	0	0	0	0	0	0	0	0	0	0	0
4d5401900f8ac56b9b6f0bead8e532ae	0	31	0	0	0	0	0	0	0	0	0	0	0	0	0	0	0	0	0	0	0	0	0	0	0	0	0	0	0	0	0	0	0	0	0	0	0	0
a02a7cd1d0837cf234416b3cf82670e8	0	0	0	0	0	0	0	0	0	0	0	0	0	0	0	0	0	0	0	0	30	0	0	0	0	0	0	0	0	0	0	0	0	0	0	0	0	0
04f94f721769257d8bbd521a156f595d	0	0	0	0	0	0	0	0	0	0	0	0	0	0	29	0	0	0	0	0	0	0	0	0	0	0	0	0	0	0	0	0	0	0	0	0	0	0
c440dd4feac74c8e0c6a7946c1261bbe	0	0	0	0	0	25	3	0	0	0	0	0	0	0	0	0	0	0	0	0	0	0	0	0	0	0	0	0	0	0	0	0	0	0	0	0	0	0
b32453eeee9666d785e2504015fedd98	0	0	0	0	0	0	0	22	0	0	0	0	6	0	0	0	0	0	0	0	0	0	0	0	0	0	0	0	0	0	0	0	0	0	0	0	0	0
5e989c14a70d2a0ef5eef6cb2d3e3af8	0	0	0	0	0	0	0	0	0	0	0	0	0	28	0	0	0	0	0	0	0	0	0	0	0	0	0	0	0	0	0	0	0	0	0	0	0	0
57e103739179a4f4b7b0a64352e09de6	0	0	0	0	0	0	0	0	0	0	0	0	0	0	0	0	0	0	28	0	0	0	0	0	0	0	0	0	0	0	0	0	0	0	0	0	0	0
498050c1df4e5003d03fb2d875812b83	0	0	0	0	0	0	0	0	0	0	0	0	0	0	0	0	0	0	0	0	0	0	0	0	0	0	0	0	28	0	0	0	0	0	0	0	0	0
dcb9e75e419487b51802dfc9141ab1ef	0	0	0	0	0	0	0	0	0	0	0	0	0	0	0	0	27	0	0	0	0	0	0	0	0	0	0	0	0	0	0	0	0	0	0	0	0	0
f18c4ca49db10abbf1d33522865409ba	0	0	0	25	0	0	0	0	0	0	0	0	0	0	0	0	0	0	0	0	0	0	0	0	0	0	0	0	0	0	0	0	0	0	0	0	0	0
d6460b051ba0353aa380c0f0c0c4964b	0	0	0	0	0	0	0	0	0	0	0	0	0	0	23	0	0	0	0	0	0	0	0	0	0	0	0	0	0	0	0	0	0	0	0	0	0	0
6d142ca4d6dbffd1606f2657efeb38bc	0	0	0	0	0	0	0	0	0	0	0	0	0	0	0	0	0	0	0	0	0	0	0	0	0	0	0	0	23	0	0	0	0	0	0	0	0	0
ba55a4042fcc4e887d518f6890070366	0	0	0	0	0	22	0	0	0	0	0	0	0	0	0	0	0	0	0	0	0	0	0	0	0	0	0	0	0	0	0	0	0	0	0	0	0	0
e1cab8fe98642211e720bae3c0ab2c23	0	0	0	0	0	0	0	22	0	0	0	0	0	0	0	0	0	0	0	0	0	0	0	0	0	0	0	0	0	0	0	0	0	0	0	0	0	0
21e92e038dda99a79fb6789a70be784b	0	0	0	0	0	0	0	0	0	0	0	0	0	0	0	22	0	0	0	0	0	0	0	0	0	0	0	0	0	0	0	0	0	0	0	0	0	0
464f7dc0bbff491f3af6047498e1d64a	0	0	0	0	21	0	0	0	0	0	0	0	0	0	0	0	0	0	0	0	0	0	0	0	0	0	0	0	0	0	0	0	0	0	0	0	0	0
98728523b2e8e7d7a27313bb20554f38	0	0	0	0	0	21	0	0	0	0	0	0	0	0	0	0	0	0	0	0	0	0	0	0	0	0	0	0	0	0	0	0	0	0	0	0	0	0
d2586e192d4a9ef90c692292a48819f5	0	0	0	0	0	0	0	0	0	0	0	0	0	0	0	0	0	0	0	0	0	0	0	0	0	0	0	21	0	0	0	0	0	0	0	0	0	0
e3b403fd8b88ea2ad999ff8419d77c96	0	0	0	0	0	0	0	0	0	0	0	0	0	0	0	0	0	0	0	0	0	0	0	0	0	0	19	0	0	0	0	0	0	0	0	0	0	0
09057b7fae6f6c7a06ff75d165d0262a	0	0	0	18	0	0	0	0	0	0	0	0	0	0	0	0	0	0	0	0	0	0	0	0	0	0	0	0	0	0	0	0	0	0	0	0	0	0
f05eca9381fbec7296d0f191330ddfe8	0	0	0	0	0	0	0	0	0	0	0	0	0	0	0	0	0	0	0	18	0	0	0	0	0	0	0	0	0	0	0	0	0	0	0	0	0	0
256cf529eebed02c4797ce17e9afa15f	0	0	0	0	0	0	0	0	0	0	0	0	0	6	0	0	10	0	0	0	0	0	0	0	0	0	0	0	0	0	0	0	0	0	0	0	0	0
e4628b0aa3b7b143c64cbbe15d082095	0	0	0	0	0	0	15	0	0	0	0	0	0	0	0	0	0	0	0	0	0	0	0	0	0	0	0	0	0	0	0	0	0	0	0	0	0	0
7c89ace8ea4b7073887748fc61dcbb2d	0	0	0	0	0	0	0	0	0	0	0	0	15	0	0	0	0	0	0	0	0	0	0	0	0	0	0	0	0	0	0	0	0	0	0	0	0	0
cb77c8886c14c4b360a59db851228841	0	0	0	0	0	0	0	0	0	0	0	0	0	0	0	0	0	15	0	0	0	0	0	0	0	0	0	0	0	0	0	0	0	0	0	0	0	0
829c21b8b701b5c0abcfefe6330b86b4	0	0	0	0	0	0	0	0	0	0	0	0	0	0	0	0	0	0	0	0	0	0	0	0	15	0	0	0	0	0	0	0	0	0	0	0	0	0
6069e137ec7868b20c55ced89ad896eb	0	0	0	0	0	0	0	0	0	0	0	0	0	0	0	0	0	0	0	0	0	0	0	0	0	0	0	0	0	15	0	0	0	0	0	0	0	0
5616587f5a7a9bbc8813c7fd14940d3e	0	0	0	0	0	0	0	0	0	0	0	0	0	0	0	0	0	0	0	0	0	0	0	0	0	0	0	0	0	0	0	0	0	0	0	0	0	15
05fb9f9e7b4e1d7597209de9a6d444fe	0	0	0	0	0	0	0	0	0	0	0	0	0	0	0	0	0	0	0	0	0	0	0	0	0	14	0	0	0	0	0	0	0	0	0	0	0	0
45475b3aacdd9e6c0e1ff59dad83979d	0	0	0	0	0	0	0	0	0	0	0	0	0	0	0	0	0	0	0	0	0	0	0	0	0	0	0	0	0	0	0	13	0	0	0	0	0	0
9f66386d28fed2550f2b215897e7e939	0	0	0	0	12	0	0	0	0	0	0	0	0	0	0	0	0	0	0	0	0	0	0	0	0	0	0	0	0	0	0	0	0	0	0	0	0	0
76eb1f8828a912a52ca9815529e9fb5d	0	0	0	0	0	12	0	0	0	0	0	0	0	0	0	0	0	0	0	0	0	0	0	0	0	0	0	0	0	0	0	0	0	0	0	0	0	0
311f700e60a20ea0ca68514c650119c1	0	0	0	0	0	0	0	0	12	0	0	0	0	0	0	0	0	0	0	0	0	0	0	0	0	0	0	0	0	0	0	0	0	0	0	0	0	0
9c7d69b717fa2eef8bcf31253f0420db	0	0	0	0	0	0	0	0	12	0	0	0	0	0	0	0	0	0	0	0	0	0	0	0	0	0	0	0	0	0	0	0	0	0	0	0	0	0
226b38244e6ffa20583a41d6269eb330	0	0	0	0	0	0	0	0	0	0	12	0	0	0	0	0	0	0	0	0	0	0	0	0	0	0	0	0	0	0	0	0	0	0	0	0	0	0
9f8c1b8608d72a4d4d26e566751ac15d	0	0	0	0	0	0	0	0	0	0	0	0	0	12	0	0	0	0	0	0	0	0	0	0	0	0	0	0	0	0	0	0	0	0	0	0	0	0
bdec210722f850cd78148f5af1e97afb	0	0	0	0	0	0	0	0	0	0	0	0	0	0	12	0	0	0	0	0	0	0	0	0	0	0	0	0	0	0	0	0	0	0	0	0	0	0
43095b76ac64013c9a07122a8e784cb6	0	0	0	0	0	0	0	0	0	0	0	0	0	0	0	0	12	0	0	0	0	0	0	0	0	0	0	0	0	0	0	0	0	0	0	0	0	0
df18043aa7fcd9f402dee41991ab53d6	0	0	0	0	0	0	0	0	0	11	0	0	0	0	0	0	0	0	0	0	0	0	0	0	0	0	0	0	0	0	0	0	0	0	0	0	0	0
412fb73cb0f3c814c6d288709a7e7a86	0	0	0	0	0	0	0	0	0	0	0	11	0	0	0	0	0	0	0	0	0	0	0	0	0	0	0	0	0	0	0	0	0	0	0	0	0	0
c195e7989e9f5b2fe0b734485f2be6d5	0	0	0	0	0	0	0	0	0	0	0	0	11	0	0	0	0	0	0	0	0	0	0	0	0	0	0	0	0	0	0	0	0	0	0	0	0	0
6089d5db438f4a0117163d0c34e4a73f	0	0	0	0	0	0	0	0	0	0	0	0	0	0	0	0	0	0	0	0	0	0	0	0	0	0	0	0	0	0	0	0	0	0	0	11	0	0
13a2e96bdbaaec878300e489d56172db	0	0	0	0	0	0	10	0	0	0	0	0	0	0	0	0	0	0	0	0	0	0	0	0	0	0	0	0	0	0	0	0	0	0	0	0	0	0
6f7b75cc4747652a0d9f7c871261bbc1	0	0	0	0	0	0	0	0	0	0	0	0	10	0	0	0	0	0	0	0	0	0	0	0	0	0	0	0	0	0	0	0	0	0	0	0	0	0
6ed010ecad008b2d61d08d4cc8c11ce6	0	0	0	0	0	0	0	0	0	0	0	0	0	0	10	0	0	0	0	0	0	0	0	0	0	0	0	0	0	0	0	0	0	0	0	0	0	0
9d830aa44281ff52f51457e3e541ef0c	0	0	0	0	0	0	0	0	0	0	0	0	0	0	0	0	0	0	0	0	0	0	0	10	0	0	0	0	0	0	0	0	0	0	0	0	0	0
95529b8ec0df98b8b2cc3d9b19ebb936	9	0	0	0	0	0	0	0	0	0	0	0	0	0	0	0	0	0	0	0	0	0	0	0	0	0	0	0	0	0	0	0	0	0	0	0	0	0
1ed40f76d7b468f560065875bab1a7d9	0	0	0	0	0	0	0	0	0	0	0	9	0	0	0	0	0	0	0	0	0	0	0	0	0	0	0	0	0	0	0	0	0	0	0	0	0	0
d164ec167f816f4d65a58c033b1dcb62	0	0	0	0	0	0	0	0	0	0	0	9	0	0	0	0	0	0	0	0	0	0	0	0	0	0	0	0	0	0	0	0	0	0	0	0	0	0
bbced744251ada27036e6bc8e7bbc9a0	0	0	0	0	0	0	0	0	0	0	0	0	0	0	0	0	3	0	0	0	0	0	0	0	0	0	0	0	0	0	0	0	0	0	0	0	0	6
c5329392d0074fcd9f9cafbb3628e5c7	0	0	0	0	0	0	0	0	0	0	0	0	0	0	0	0	0	0	0	0	0	0	0	0	0	0	9	0	0	0	0	0	0	0	0	0	0	0
888501fa8284b399893625f7deb28cf6	0	0	0	0	0	0	0	0	0	0	0	0	0	8	0	0	0	0	0	0	0	0	0	0	0	0	0	0	0	0	0	0	0	0	0	0	0	0
1d160e1f99a6def819df12a7f937f729	0	0	0	0	0	0	0	0	0	0	0	0	0	0	0	8	0	0	0	0	0	0	0	0	0	0	0	0	0	0	0	0	0	0	0	0	0	0
fdcb8c8c8257ae828ece82e41404cf38	0	0	0	0	0	0	0	0	0	0	0	0	0	0	0	0	0	0	8	0	0	0	0	0	0	0	0	0	0	0	0	0	0	0	0	0	0	0
c8cb96649a022734882cb8fb0ce5da6c	0	0	0	0	0	0	0	0	0	0	0	0	0	0	0	0	0	0	0	0	8	0	0	0	0	0	0	0	0	0	0	0	0	0	0	0	0	0
9150e0816363cb5f8d75055ca6297c72	0	0	0	7	0	0	0	0	0	0	0	0	0	0	0	0	0	0	0	0	0	0	0	0	0	0	0	0	0	0	0	0	0	0	0	0	0	0
c9a94a9e00d3b077ee9c7c71da8a47e7	0	0	0	0	0	0	7	0	0	0	0	0	0	0	0	0	0	0	0	0	0	0	0	0	0	0	0	0	0	0	0	0	0	0	0	0	0	0
f31100747ed271016d40e483c5438729	0	0	0	0	0	0	0	0	0	0	0	0	7	0	0	0	0	0	0	0	0	0	0	0	0	0	0	0	0	0	0	0	0	0	0	0	0	0
309e7bdadc3dac4792b8e08ae73d29f7	0	0	0	0	0	0	0	0	0	0	0	0	0	7	0	0	0	0	0	0	0	0	0	0	0	0	0	0	0	0	0	0	0	0	0	0	0	0
8c53b6680a502a342345b101604ecd01	0	0	0	0	0	0	0	0	0	0	0	0	0	0	0	0	0	0	0	0	0	7	0	0	0	0	0	0	0	0	0	0	0	0	0	0	0	0
69214cef17ff7c03d08f6b7d6f395f7e	0	0	0	0	0	0	0	0	0	0	0	0	0	0	0	0	0	0	0	0	0	0	0	0	0	0	0	0	0	7	0	0	0	0	0	0	0	0
e6753324601dcc860153e69c7bc80728	0	0	0	6	0	0	0	0	0	0	0	0	0	0	0	0	0	0	0	0	0	0	0	0	0	0	0	0	0	0	0	0	0	0	0	0	0	0
d8258e1ac4beaeaa4fb111a8bd62bdc8	0	0	0	0	0	0	0	0	6	0	0	0	0	0	0	0	0	0	0	0	0	0	0	0	0	0	0	0	0	0	0	0	0	0	0	0	0	0
b6a40eb7946ad1ab112e35441ea788b7	0	0	0	0	0	0	0	0	0	0	6	0	0	0	0	0	0	0	0	0	0	0	0	0	0	0	0	0	0	0	0	0	0	0	0	0	0	0
9366cb62c8527f8847943329e632cdef	0	0	0	0	0	0	0	0	0	0	6	0	0	0	0	0	0	0	0	0	0	0	0	0	0	0	0	0	0	0	0	0	0	0	0	0	0	0
f0f7d84d825fa5daf4e7187c159f6214	0	0	0	0	0	0	0	0	0	0	0	0	0	0	0	0	0	0	0	0	0	0	0	0	0	0	0	0	0	6	0	0	0	0	0	0	0	0
2bd0d8260c71592aebd017f4ca524fb9	0	0	0	0	0	0	0	0	0	0	0	0	0	0	0	0	0	0	0	0	0	0	0	0	0	0	0	0	0	0	0	0	0	0	0	0	6	0
d97c7f4c447f9454c439cf2328ec2ee9	0	0	0	0	0	0	0	0	0	0	0	0	5	0	0	0	0	0	0	0	0	0	0	0	0	0	0	0	0	0	0	0	0	0	0	0	0	0
098f67573f71e0a9c3a18ed021dcaecc	0	0	0	0	0	0	0	0	0	0	0	0	5	0	0	0	0	0	0	0	0	0	0	0	0	0	0	0	0	0	0	0	0	0	0	0	0	0
a2495ef0d17062836498dd72c5670b06	0	0	0	0	0	0	0	0	0	0	0	0	0	5	0	0	0	0	0	0	0	0	0	0	0	0	0	0	0	0	0	0	0	0	0	0	0	0
cad6b723cfccc3ddecbf67c66674875a	0	0	0	0	0	0	0	0	0	0	0	0	0	0	5	0	0	0	0	0	0	0	0	0	0	0	0	0	0	0	0	0	0	0	0	0	0	0
dc40ca7f2e3e67226d03b0128df4825a	0	0	0	0	0	0	0	0	0	0	0	0	0	0	0	0	0	0	5	0	0	0	0	0	0	0	0	0	0	0	0	0	0	0	0	0	0	0
c8321f0fbbd331a237c02462c1e86098	0	0	0	0	0	0	0	0	0	0	0	0	0	0	0	0	0	0	2	0	0	0	0	0	0	0	0	0	0	0	0	3	0	0	0	0	0	0
275c4cb537d5106fc6479a2725f823d2	0	0	0	0	0	0	0	0	0	0	0	0	0	0	0	0	0	0	0	0	0	0	5	0	0	0	0	0	0	0	0	0	0	0	0	0	0	0
560eedc77ccd925f4c6f3e31c9b32c52	0	0	0	0	0	0	0	0	0	0	0	0	0	0	0	0	0	0	0	0	0	0	0	0	5	0	0	0	0	0	0	0	0	0	0	0	0	0
2ea5055562e633e1eb8493ca3836b572	0	0	0	0	0	0	0	0	0	0	0	0	0	0	0	0	0	0	0	0	0	0	0	0	0	0	0	0	0	5	0	0	0	0	0	0	0	0
29ec363f63aec2f73456c016aa03e55d	0	0	0	4	0	0	0	0	0	0	0	0	0	0	0	0	0	0	0	0	0	0	0	0	0	0	0	0	0	0	0	0	0	0	0	0	0	0
46ef92bf3ddf6ff4552e7d8a6b2f40d9	0	0	0	0	0	4	0	0	0	0	0	0	0	0	0	0	0	0	0	0	0	0	0	0	0	0	0	0	0	0	0	0	0	0	0	0	0	0
b774e47a76df3d10052761d9e8af7e06	0	0	0	0	0	4	0	0	0	0	0	0	0	0	0	0	0	0	0	0	0	0	0	0	0	0	0	0	0	0	0	0	0	0	0	0	0	0
ce80ce49c5a8fd23d0efd3d34010c127	0	0	0	0	0	0	0	4	0	0	0	0	0	0	0	0	0	0	0	0	0	0	0	0	0	0	0	0	0	0	0	0	0	0	0	0	0	0
277c9ee208f420d955dd696a0fa61f8e	0	0	0	0	0	0	0	0	4	0	0	0	0	0	0	0	0	0	0	0	0	0	0	0	0	0	0	0	0	0	0	0	0	0	0	0	0	0
5a988693b68fe6b26e802ca32343c0d3	0	0	0	0	0	0	0	0	0	4	0	0	0	0	0	0	0	0	0	0	0	0	0	0	0	0	0	0	0	0	0	0	0	0	0	0	0	0
e8bd092d6e663e4e355010d082462a7e	0	0	0	0	0	0	0	0	0	0	4	0	0	0	0	0	0	0	0	0	0	0	0	0	0	0	0	0	0	0	0	0	0	0	0	0	0	0
36f41ccf05314cb86f18e6326a13a907	0	0	0	0	0	0	0	0	0	0	4	0	0	0	0	0	0	0	0	0	0	0	0	0	0	0	0	0	0	0	0	0	0	0	0	0	0	0
c18b31db7e02bf7dc1e4975191336521	0	0	0	0	0	0	0	0	0	0	0	4	0	0	0	0	0	0	0	0	0	0	0	0	0	0	0	0	0	0	0	0	0	0	0	0	0	0
959061d4a79d02fc0b1d7337e3fa119f	0	0	0	0	0	0	0	0	0	0	0	4	0	0	0	0	0	0	0	0	0	0	0	0	0	0	0	0	0	0	0	0	0	0	0	0	0	0
634c1a1fb225dd88a92529d71e2a8868	0	0	0	0	0	0	0	0	0	0	0	0	0	0	0	0	0	4	0	0	0	0	0	0	0	0	0	0	0	0	0	0	0	0	0	0	0	0
6d2818fb816ea1e2b409b171659d5c9c	0	0	0	0	0	0	0	0	0	0	0	0	0	0	0	0	0	0	0	0	0	0	0	0	4	0	0	0	0	0	0	0	0	0	0	0	0	0
1abe2e41f6a929220211a2558f78001a	0	0	0	0	0	0	0	0	0	0	0	0	0	0	0	0	0	0	0	0	0	0	0	0	0	0	0	0	0	0	0	4	0	0	0	0	0	0
814cce27307b2bc6b1ce3b226c16b030	3	0	0	0	0	0	0	0	0	0	0	0	0	0	0	0	0	0	0	0	0	0	0	0	0	0	0	0	0	0	0	0	0	0	0	0	0	0
fec294c5f70d72dc610cb14f1c05d75b	0	3	0	0	0	0	0	0	0	0	0	0	0	0	0	0	0	0	0	0	0	0	0	0	0	0	0	0	0	0	0	0	0	0	0	0	0	0
7926a51ef2f4b7d981e0e4f48d894a10	0	0	0	0	0	0	0	0	0	3	0	0	0	0	0	0	0	0	0	0	0	0	0	0	0	0	0	0	0	0	0	0	0	0	0	0	0	0
730ee4ec72993a1d558431454344efea	0	0	0	0	0	0	0	0	0	0	0	0	3	0	0	0	0	0	0	0	0	0	0	0	0	0	0	0	0	0	0	0	0	0	0	0	0	0
8a4c3076bb05d82edc8d604a5e8ce962	0	0	0	0	0	0	0	0	0	0	0	0	0	3	0	0	0	0	0	0	0	0	0	0	0	0	0	0	0	0	0	0	0	0	0	0	0	0
ff97c3bf1c5f50bec0b25019ac439c9f	0	0	0	0	0	0	0	0	0	0	0	0	0	3	0	0	0	0	0	0	0	0	0	0	0	0	0	0	0	0	0	0	0	0	0	0	0	0
70e5490bd02ef9fe7868f9f3dbb05d24	0	0	0	0	0	0	0	0	0	0	0	0	0	0	3	0	0	0	0	0	0	0	0	0	0	0	0	0	0	0	0	0	0	0	0	0	0	0
847b65cd2bac6d0cf047504b4dae0d18	0	0	0	0	0	0	0	0	0	0	0	0	0	0	0	0	0	0	3	0	0	0	0	0	0	0	0	0	0	0	0	0	0	0	0	0	0	0
fe384dc602b308422b951960a928ca65	0	0	0	0	0	0	0	0	0	0	0	0	0	0	0	0	0	0	0	0	0	3	0	0	0	0	0	0	0	0	0	0	0	0	0	0	0	0
560c28eff5e2833c908c890604937ce0	0	0	0	0	0	0	0	0	0	0	0	0	0	0	0	0	0	0	0	0	0	0	0	0	3	0	0	0	0	0	0	0	0	0	0	0	0	0
1dd276cbcaae2ca132755decccb833e0	0	0	0	0	0	0	0	0	0	0	0	0	0	0	0	0	0	0	0	0	0	0	0	0	0	0	3	0	0	0	0	0	0	0	0	0	0	0
7c8d257be1ebfb4370fc23f9146bf7d4	0	0	0	0	0	0	0	0	0	0	0	0	0	0	0	0	0	0	0	0	0	0	0	0	0	0	0	3	0	0	0	0	0	0	0	0	0	0
a4bdc4cd216adbe5f54528837f78d4c6	0	0	0	0	0	0	0	0	0	0	0	0	0	0	0	0	0	0	0	0	0	0	0	0	0	0	0	0	0	0	0	0	0	0	0	0	0	3
35535845da2099febfaf5cf90ba53249	0	2	0	0	0	0	0	0	0	0	0	0	0	0	0	0	0	0	0	0	0	0	0	0	0	0	0	0	0	0	0	0	0	0	0	0	0	0
6e65644ccbdba939d32c71d385f4af04	0	2	0	0	0	0	0	0	0	0	0	0	0	0	0	0	0	0	0	0	0	0	0	0	0	0	0	0	0	0	0	0	0	0	0	0	0	0
aba50e3a94c0c4da523fff96a9be261d	0	0	0	0	0	0	2	0	0	0	0	0	0	0	0	0	0	0	0	0	0	0	0	0	0	0	0	0	0	0	0	0	0	0	0	0	0	0
ac4820650ac3a12bdf9f99ccc4fbf080	0	0	0	0	0	0	2	0	0	0	0	0	0	0	0	0	0	0	0	0	0	0	0	0	0	0	0	0	0	0	0	0	0	0	0	0	0	0
f86807298e1c4851dcc0022062215415	0	0	0	0	0	0	0	0	0	2	0	0	0	0	0	0	0	0	0	0	0	0	0	0	0	0	0	0	0	0	0	0	0	0	0	0	0	0
f29915e079bf93779039179596a9a009	0	0	0	0	0	0	0	0	0	0	0	2	0	0	0	0	0	0	0	0	0	0	0	0	0	0	0	0	0	0	0	0	0	0	0	0	0	0
821ef8b4efa919ba8e32ae61ebe63d42	0	0	0	0	0	0	0	0	0	0	0	0	0	2	0	0	0	0	0	0	0	0	0	0	0	0	0	0	0	0	0	0	0	0	0	0	0	0
1036f6496fa4fe116d5397e2296d691f	0	0	0	0	0	0	0	0	0	0	0	0	0	0	2	0	0	0	0	0	0	0	0	0	0	0	0	0	0	0	0	0	0	0	0	0	0	0
93a2cc1b22ba7d36ab6e7de9518c21d2	0	0	0	0	0	0	0	0	0	0	0	0	0	0	0	0	2	0	0	0	0	0	0	0	0	0	0	0	0	0	0	0	0	0	0	0	0	0
5ba2f64ec8f15b0ab9737013ca4edff8	0	0	0	0	0	0	0	0	0	0	0	0	0	0	0	0	2	0	0	0	0	0	0	0	0	0	0	0	0	0	0	0	0	0	0	0	0	0
3ae3da2c502aa700272459f91b96b8a5	0	0	0	0	0	0	0	0	0	0	0	0	0	0	0	0	0	0	0	0	0	0	0	0	0	0	0	0	2	0	0	0	0	0	0	0	0	0
93c5aebe54805cc882a26b4c890e69fd	0	0	0	0	0	0	0	0	0	0	0	0	0	0	0	0	0	0	0	0	0	0	0	0	0	0	0	0	0	0	0	2	0	0	0	0	0	0
33b394bdf3a7482f62746d79457d03e3	0	0	0	0	0	0	0	0	0	0	0	0	0	0	0	0	0	0	0	0	0	0	0	0	0	0	0	0	0	0	0	0	2	0	0	0	0	0
d8c8fbfca63ae7f7b7d4e3dd1ee0c8e1	0	0	0	0	0	0	0	0	0	0	0	0	0	0	0	0	0	0	0	0	0	0	0	0	0	0	0	0	0	0	0	0	0	0	0	0	2	0
c6771217030deaaaca97b385cda0b038	0	0	0	0	0	0	0	0	0	0	0	0	0	0	0	0	0	0	0	0	0	0	0	0	0	0	0	0	0	0	0	0	0	0	0	0	0	2
9596ec30d4b27d3c87d6d7d269091c80	0	0	0	0	0	0	0	0	0	0	0	0	0	0	0	0	0	0	0	0	0	0	0	1	0	0	0	0	0	0	0	0	0	0	0	0	0	0
a2ac2916e7edb05296cf49fbcfc83f0c	0	0	0	0	0	0	0	0	0	0	0	0	0	0	0	0	0	0	0	0	0	0	0	1	0	0	0	0	0	0	0	0	0	0	0	0	0	0
